{
  "__comment__": "This file was automatically created by mcresources",
  "feature": "tfc:plant/dead_bush",
  "placement": [
    {
      "type": "minecraft:heightmap",
      "heightmap": "WORLD_SURFACE_WG"
    },
    {
      "type": "block_predicate_filter",
      "predicate": {
        "type": "tfc:air_or_empty_fluid"
      }
    },
    {
      "type": "block_predicate_filter",
      "predicate": {
        "type": "would_survive",
        "state": {
          "Name": "tfc:plant/dead_bush",
          "Properties": {
            "age": "1",
            "stage": "1"
          }
        }
      }
    }
  ]
}