{
  "__comment__": "This file was automatically created by mcresources",
  "feature": "tfc:plant/raspberry_bush",
  "placement": [
    {
      "type": "tfc:climate",
      "min_temperature": 5,
      "max_temperature": 25,
      "min_rainfall": 200,
      "max_rainfall": 500,
      "min_forest": "none",
      "max_forest": "edge"
    },
    {
      "type": "minecraft:heightmap",
      "heightmap": "WORLD_SURFACE_WG"
    },
    {
      "type": "minecraft:in_square"
    },
    {
      "type": "minecraft:rarity_filter",
      "chance": 37
    }
  ]
}